--SET SQL_MODE = "NO_AUTO_VALUE_ON_ZERO";
SET time_zone = "+00:00";


/*!40101 SET @OLD_CHARACTER_SET_CLIENT=@@CHARACTER_SET_CLIENT */;
/*!40101 SET @OLD_CHARACTER_SET_RESULTS=@@CHARACTER_SET_RESULTS */;
/*!40101 SET @OLD_COLLATION_CONNECTION=@@COLLATION_CONNECTION */;
/*!40101 SET NAMES utf8 */;

--
-- Database: `bsmart10_moviezone2_db`
--
CREATE DATABASE IF NOT EXISTS `Vinh_moviezone_db` DEFAULT CHARACTER SET utf8 COLLATE utf8_general_ci;
USE `Vinh_moviezone_db`;

-- --------------------------------------------------------

--
-- Table structure for table `actor`
--

CREATE TABLE IF NOT EXISTS `actor` (
  `actor_id` int(10) NOT NULL AUTO_INCREMENT,
  `actor_name` char(128) DEFAULT NULL,
  PRIMARY KEY (`actor_id`)
) ENGINE=MyISAM  DEFAULT CHARSET=latin1 AUTO_INCREMENT=333 ;

--
-- Dumping data for table `actor`
--

INSERT INTO `actor` (`actor_id`, `actor_name`) VALUES
(1, 'Kristen Stewart'),
(2, 'Robert Pattinson'),
(3, 'Billy Burke'),
(4, 'Ashley Greene'),
(5, 'Nikki Reed'),
(6, 'Jackson Rathbone'),
(7, 'Liam Neeson'),
(8, 'Maggie Grace'),
(9, 'Leland Orser'),
(10, 'Jon Gries'),
(11, 'David Warshofsky'),
(12, 'Holly Valance'),
(13, 'Christian Bale'),
(14, 'Heath Ledger'),
(15, 'Aaron Eckhart'),
(16, 'Michael Caine'),
(17, 'Maggie Gyllenhaal'),
(18, 'Gary Oldman'),
(19, 'Chris Pine'),
(20, 'Zachary Quinto'),
(21, 'Leonard Nimoy'),
(22, 'Eric Bana'),
(23, 'Bruce Greenwood'),
(24, 'Karl Urban'),
(25, 'Ewan McGregor'),
(26, 'Natalie Portman'),
(27, 'Jake Lloyd'),
(28, 'Pernilla August'),
(29, 'Frank Oz'),
(30, 'Mark Hamill'),
(31, 'Harrison Ford'),
(32, 'Carrie Fisher'),
(33, 'Billy Dee Williams'),
(34, 'Anthony Daniels'),
(35, 'David Prowse'),
(36, 'Peter Mayhew'),
(37, 'Peter O''Toole'),
(38, 'Alec Guinness'),
(39, 'Anthony Quinn'),
(40, 'Jack Hawkins'),
(41, 'Omar Sharif'),
(42, 'Jose Ferrer'),
(43, 'Ben Kingsley'),
(44, 'Ralph Fiennes'),
(45, 'Caroline Goodall'),
(46, 'Jonathan Sagall'),
(47, 'Embeth Davidtz'),
(48, 'Mel Gibson'),
(49, 'James Robinson'),
(50, 'Sean Lawlor'),
(51, 'Sandy Nelson'),
(52, 'James Cosmo'),
(53, 'Sean McGinley'),
(54, 'Candice Bergen'),
(55, 'Edward Fox'),
(56, 'John Gielgud'),
(57, 'Trevor Howard'),
(58, 'John Mills'),
(190, 'Dennis Quaid'),
(60, 'Noel Appleby'),
(61, 'Sean Astin'),
(62, 'Sala Baker'),
(63, 'Sean Bean'),
(64, 'Cate Blanchett'),
(65, 'Elijah Wood'),
(66, 'Ian McKellen'),
(67, 'Ian Holm'),
(68, 'Orlando Bloom'),
(69, 'Daniel Radcliffe'),
(70, 'Emma Watson'),
(71, 'Rupert Grint'),
(72, 'Richard Harris'),
(73, 'Robbie Coltrane'),
(74, 'Maggie Smith'),
(75, 'Brad Pitt'),
(76, 'Diane Kruger'),
(77, 'Eli Roth'),
(78, 'Alexis Bledel'),
(79, 'Michael Keaton'),
(80, 'Carol Burnett'),
(81, 'Renee Zellweger'),
(82, 'Logan Lerman'),
(83, 'Mark Rendall'),
(84, 'Patricia Llaca'),
(85, 'Julio Bracho'),
(86, 'Maya Zapata'),
(87, 'James Nesbitt'),
(88, 'Anamaria Marinca'),
(89, 'Mary Wells'),
(90, 'Dan Wieden'),
(91, 'Hal Riney'),
(92, 'Shaun White'),
(93, 'Travis Pastrana'),
(94, 'Ricky Carmichael'),
(95, 'Glenn Close'),
(96, 'Jeff Daniels'),
(97, 'Joely Richardson'),
(98, 'Joan Plowright'),
(99, 'Hugh Laurie'),
(100, 'Mark Williams'),
(101, 'Gerard Depardieu'),
(102, 'Ioan Gruffudd'),
(103, 'Alice Evans'),
(104, 'Tim McInnerny'),
(105, 'Eric Idle'),
(106, 'Dave Foley'),
(107, 'Kevin Spacey'),
(108, 'Julia Louis-Dreyfus'),
(109, 'Miley Cyrus'),
(110, 'Billy Ray Cyrus'),
(111, 'Emily Osment'),
(112, 'David Niven'),
(113, 'Charles Boyer'),
(114, 'Jerry Seinfeld'),
(115, 'Matthew Broderick'),
(116, 'Patrick Warburton'),
(117, 'John Goodman'),
(118, 'Chris Rock'),
(119, 'Owen Wilson'),
(120, 'Paul Newman'),
(121, 'Bonnie Hunt'),
(122, 'Cheech Marin'),
(123, 'Ilene Woods'),
(124, 'Eleanor Audley'),
(125, 'Verna Felton'),
(126, 'Lindsay Lohan'),
(127, 'Matt Dillon'),
(128, 'Cloris Leachman'),
(129, 'Charles Martin Smith'),
(130, 'John Vernon'),
(131, 'Dean Jones'),
(132, 'Don Knotts'),
(133, 'Julie Sommars'),
(134, 'Jacques Marin'),
(135, 'Helen Hayes'),
(136, 'Ken Berry'),
(137, 'Stefanie Powers'),
(138, 'John McIntire'),
(139, 'Veronica Lauren'),
(140, 'Robert Hays'),
(141, 'Kim Greist'),
(142, 'Ray Romano'),
(143, 'John Leguizamo'),
(144, 'Denis Leary'),
(145, 'Seann William Scott'),
(146, 'Josh Peck'),
(147, 'Queen Latifah'),
(148, 'Billy Crystal'),
(149, 'Mary Gibbs'),
(150, 'Steve Buscemi'),
(151, 'James Coburn'),
(152, 'Jennifer Tilly'),
(153, 'Mike Myers'),
(154, 'Eddie Murphy'),
(155, 'Cameron Diaz'),
(156, 'John Lithgow'),
(157, 'Vincent Cassel'),
(158, 'Peter Dennis'),
(159, 'Julie Andrews'),
(160, 'Antonio Banderas'),
(161, 'John Cleese'),
(162, 'Mary Costa'),
(163, 'Bill Shirley'),
(164, 'Barbara Luddy'),
(165, 'Barbara Jo Allen'),
(166, 'Roy Atwell'),
(167, 'Stuart Buchanan'),
(168, 'Adriana Caselotti'),
(169, 'Eddie Collins'),
(170, 'Sharlto Copley'),
(171, 'David James'),
(172, 'Jason Cope'),
(173, 'Rachel McAdams'),
(174, 'Ron Livingston'),
(175, 'Amy Adams'),
(176, 'Meryl Streep'),
(177, 'Chris Messina'),
(178, 'Will Arnett'),
(179, 'Penelope Cruz'),
(180, 'Zach Galifianakis'),
(181, 'Jeremy Piven'),
(182, 'Ving Rhames'),
(183, 'David Koechner'),
(184, 'Katherine Heigl'),
(185, 'Gerard Butler'),
(186, 'Matt Damon'),
(187, 'Adam Sandler'),
(188, 'Seth Rogen'),
(189, 'Leslie Mann'),
(191, 'Channing Tatum'),
(192, 'Marlon Wayans'),
(194, 'Rod Taylor'),
(195, 'J. Pat O''Malley'),
(196, 'Betty Lou Gerson'),
(197, 'Martha Wentworth'),
(198, 'Ben Wright'),
(199, 'Cate Bauer'),
(200, 'Sam Neil'),
(201, 'Jessica Lange'),
(202, 'Robert Wahlburg'),
(203, 'Mark Wahlberg'),
(204, 'Kate Beckinsale'),
(205, 'Caleb Landry Jones'),
(206, 'Dane DeHaan'),
(207, 'Alex Rusell'),
(208, 'Michael B. Jordan'),
(209, 'Michael Ealy'),
(210, 'India Eisley'),
(211, 'Kris Holden-Ried'),
(212, 'Theo James'),
(213, 'Stephen Rea'),
(214, 'Robert Patrick'),
(215, 'Vera Farmiga'),
(216, 'Nora Arnezeder'),
(217, 'Denzel Washington'),
(218, 'Ryan Renolds'),
(219, 'Laura Brent'),
(220, 'Xavier Samuel'),
(221, 'Kris Marshal'),
(222, 'Rebel Wilson'),
(223, 'Olivia Newton-John'),
(224, 'Kevin Bishop'),
(225, 'Daniel Craig'),
(226, 'Chistopher Plummer'),
(227, 'Rooney Mara'),
(228, 'Skellan Skarsgard'),
(229, 'Steven Berkoff'),
(230, 'Chris Evans'),
(231, 'Hugo Weaving'),
(232, 'Samuel L. Jackson'),
(233, 'Hayley Atwell'),
(234, 'Tommy Lee Jones'),
(235, 'Neal McDonough'),
(236, 'Sam Rockwell'),
(237, 'Dominique McElligott'),
(238, 'Rosie Shaw'),
(239, 'Adrienne Shaw'),
(240, 'Chris Pratt'),
(241, 'Zoe Saldana'),
(242, 'Dave Bautista'),
(243, 'Vin Diesel'),
(244, 'Bradley Cooper'),
(245, 'Lee Pace'),
(246, 'Casper Van Dien'),
(247, 'Dina Meyer'),
(248, 'Denise Richards'),
(249, 'Jake Busey'),
(250, 'Neil Patrick Harris'),
(251, 'Clancy Brown'),
(252, 'Michael J. Fox'),
(253, 'Trini Alvarado'),
(254, 'Peter Dobson'),
(255, 'John Astin'),
(256, 'Jeffrey Combs'),
(257, 'Dee Wallace'),
(258, 'Christopher Lloyd'),
(259, 'Lea Thompson'),
(260, 'Crispin Glover'),
(261, 'Thomas F. Wilson'),
(262, 'Claudia Wells'),
(263, 'Karen Allen'),
(264, 'Paul Freeman'),
(265, 'John Rhys-Davies'),
(266, 'Denholm Elliott'),
(267, 'Alfred Molina'),
(268, 'Tom Cruise'),
(269, 'Emily Blunt'),
(270, 'Brendan Gleeson'),
(320, 'Josh Hutcherson'),
(272, 'Jonas Armstrong'),
(273, 'Tony Way'),
(274, 'Sigourney Weaver'),
(275, 'Carrie Henn'),
(276, 'Michael Biehn'),
(277, 'Paul Reiser'),
(278, 'Lance Henriksen'),
(279, 'Bill Paxton'),
(280, 'Brandon Lee'),
(281, 'Rochelle Davis'),
(282, 'Ernie Hudson'),
(283, 'Michael Wincott'),
(284, 'Bai Ling'),
(285, 'Sofia Shinas'),
(286, 'Scarlett Johansson'),
(287, 'Robert Redford'),
(288, 'Sebastian Stan'),
(289, 'Anthony Mackie'),
(290, 'Michael Cera'),
(291, 'Alison Pill'),
(292, 'Mark Webber'),
(293, 'Johnny Simmons'),
(294, 'Ellen Wong'),
(295, 'Kieran Culkin'),
(296, 'Simon Pegg'),
(297, 'Nick Frost'),
(298, 'Bill Bailey'),
(299, 'Arnold Schwarzenegger'),
(300, 'Linda Hamilton'),
(301, 'Paul Winfield'),
(316, 'James McAvoy'),
(319, 'Patrick Stewart'),
(312, 'Robert Downey Jr.'),
(318, 'Halle Berry'),
(313, 'Chris Hemsworth'),
(317, 'Jennifer Lawrence'),
(308, 'Dwayne Johnson'),
(329, 'Paul Walker'),
(314, 'Mark Ruffalo'),
(315, 'Hugh Jackman'),
(321, 'Liam Hemsworth'),
(322, 'Donald Sutherland'),
(323, 'Philip Seymour Hoffman'),
(324, 'Julianne Moore'),
(325, 'Mila Kunis'),
(326, 'Marton Csokas'),
(327, 'Chloe Grace Moretz'),
(328, 'Bill Pullman'),
(330, 'Jason Statham'),
(331, 'Kurt Russell'),
(332, 'Michelle Rodriguez');

-- --------------------------------------------------------

--
-- Table structure for table `director`
--

CREATE TABLE IF NOT EXISTS `director` (
  `director_id` int(10) NOT NULL AUTO_INCREMENT,
  `director_name` char(128) DEFAULT NULL,
  PRIMARY KEY (`director_id`),
  UNIQUE KEY `director_name` (`director_name`)
) ENGINE=MyISAM  DEFAULT CHARSET=latin1 AUTO_INCREMENT=74 ;

--
-- Dumping data for table `director`
--

INSERT INTO `director` (`director_id`, `director_name`) VALUES
(1, 'Catherine Hardwicke'),
(2, 'Pierre Morel'),
(3, 'Christopher Nolan'),
(4, 'J.J. Abrams'),
(5, 'George Lucas'),
(6, 'Irvin Kershner'),
(7, 'Richard Marquand'),
(8, 'David Lean'),
(9, 'Steven Spielberg'),
(10, 'Mel Gibson'),
(11, 'Richard Attenborough'),
(12, 'Peter Jackson'),
(13, 'Chris Columbus'),
(15, 'Mike Newell'),
(16, 'David Yates'),
(17, 'Quentin Tarantino'),
(18, 'Vicky Jenson'),
(19, 'Richard Loncraine'),
(20, 'Issa Lopez'),
(21, 'Oliver Hirschbiegel'),
(22, 'Doug Pray'),
(23, 'Steve Lawrence'),
(24, 'Stephen Herek'),
(25, 'Kevin Lima'),
(26, 'John Lasseter'),
(27, 'Peter Chelsom'),
(28, 'Bruce Hendricks'),
(29, 'Michael Anderson'),
(30, 'Steve Hickner'),
(31, 'Clyde Geronimi'),
(32, 'Angela Robinson'),
(33, 'Vincent McEveety'),
(34, 'Robert Stevenson'),
(35, 'Duwayne Dunham'),
(36, 'Carlos Saldanha'),
(37, 'Pete Docter'),
(39, 'Chris Miller'),
(40, 'David Hand'),
(41, 'Neill Blomkamp'),
(42, 'Robert Schwentke'),
(43, 'Nora Ephron'),
(44, 'Hoyt Yeatman'),
(45, 'Neal Brennan'),
(46, 'Robert Luketic'),
(47, 'Hayao Miyazaki'),
(48, 'Judd Apatow'),
(49, 'Stephen Sommers'),
(50, 'Michael Sucsy'),
(51, 'Asger Leth'),
(52, 'John Trank'),
(53, 'Mans Marlind'),
(54, 'Daniel Espinosa'),
(55, 'Stephan Elliot'),
(56, 'David Fincher'),
(57, 'Joe Johnston'),
(58, 'Duncan Jones'),
(59, 'James Gunn'),
(60, 'Paul Verhoeven'),
(61, 'Robert Zemeckis'),
(62, 'Doug Liman'),
(63, 'James Cameron'),
(64, 'Alex Proyas'),
(65, 'Anthony Russo'),
(66, 'Edgar Wright'),
(68, 'Joss Whedon'),
(69, 'Bryan Singer'),
(70, 'Francis Lawrence'),
(71, 'The Wachowskis'),
(72, 'Antoine Fuqua'),
(73, 'Justin Lin');

-- --------------------------------------------------------

--
-- Table structure for table `genre`
--

CREATE TABLE IF NOT EXISTS `genre` (
  `genre_id` int(10) unsigned NOT NULL AUTO_INCREMENT,
  `genre_name` char(128) NOT NULL,
  PRIMARY KEY (`genre_id`),
  UNIQUE KEY `genre_name` (`genre_name`)
) ENGINE=MyISAM  DEFAULT CHARSET=latin1 AUTO_INCREMENT=13 ;

--
-- Dumping data for table `genre`
--

INSERT INTO `genre` (`genre_id`, `genre_name`) VALUES
(1, 'Childrens'),
(2, 'Thriller'),
(3, 'Action'),
(4, 'Sci-fi'),
(5, 'Drama'),
(6, 'Biography'),
(7, 'Comedy'),
(8, 'Documentary'),
(9, 'Horror'),
(10, 'Adventure'),
(11, 'Family'),
(12, 'Romance');

-- --------------------------------------------------------

--
-- Table structure for table `member`
--

CREATE TABLE IF NOT EXISTS `member` (
  `member_id` int(10) unsigned NOT NULL AUTO_INCREMENT,
  `surname` varchar(128) NOT NULL,
  `other_name` varchar(128) NOT NULL,
  `contact_method` varchar(10) NOT NULL DEFAULT '',
  `email` varchar(40) DEFAULT '',
  `mobile` varchar(40) DEFAULT '',
  `landline` varchar(40) DEFAULT '',
  `magazine` tinyint(1) NOT NULL DEFAULT '0',
  `street` varchar(40) DEFAULT '',
  `suburb` varchar(40) DEFAULT '',
  `postcode` int(4) DEFAULT NULL,
  `username` varchar(10) NOT NULL DEFAULT '',
  `password` varchar(10) NOT NULL DEFAULT '',
  `occupation` varchar(20) DEFAULT '',
  `join_date` date NOT NULL,
  PRIMARY KEY (`member_id`),
  UNIQUE KEY `username` (`username`)
) ENGINE=MyISAM  DEFAULT CHARSET=latin1 AUTO_INCREMENT=23 ;

--
-- Dumping data for table `member`
--

INSERT INTO `member` (`member_id`, `surname`, `other_name`, `contact_method`, `email`, `mobile`, `landline`, `magazine`, `street`, `suburb`, `postcode`, `username`, `password`, `occupation`, `join_date`) VALUES
(1, 'Smart', 'Bill', 'mobile', 'bill.smart@scu.edu.au', '0448 924 574', '(07) 77777777', 1, 'A3.05 Southern Cross University', 'Beachside, NSW', 2485, 'wsmart', '1@Home', 'Education', '2014-06-21'),
(6, 'Coles', 'George', 'landline', 'george.coles@scu.edu.au', '0406 240 633', '(02) 80035763', 1, 'A3.05 Southern Cross University', 'Beachside, NSW', 2485, 'TrialUser', 'Wbatro4%', 'Student', '2014-06-21'),
(22, 'Armstrong', 'Bruce', 'email', 'bruce.armstrong@scu.edu.au', '', '(02) 66593174', 1, 'Southern Cross University Hogbin Dr', 'Coffs Harbour, NSW', 2450, 'BruceA', '#1Bruce', 'Education', '2015-07-06');

-- --------------------------------------------------------

--
-- Table structure for table `movie`
--

CREATE TABLE IF NOT EXISTS `movie` (
  `movie_id` int(10) NOT NULL AUTO_INCREMENT,
  `title` varchar(45) NOT NULL,
  `tagline` varchar(128) NOT NULL,
  `plot` varchar(256) NOT NULL,
  `thumbpath` varchar(40) NOT NULL,
  `director_id` int(10) NOT NULL,
  `studio_id` int(10) NOT NULL,
  `genre_id` int(10) NOT NULL,
  `classification` varchar(128) NOT NULL,
  `rental_period` varchar(128) NOT NULL,
  `year` int(4) NOT NULL,
  `DVD_rental_price` decimal(4,2) NOT NULL DEFAULT '0.00',
  `DVD_purchase_price` decimal(4,2) NOT NULL DEFAULT '0.00',
  `numDVD` int(3) NOT NULL DEFAULT '0',
  `numDVDout` int(3) NOT NULL DEFAULT '0',
  `BluRay_rental_price` decimal(4,2) NOT NULL DEFAULT '0.00',
  `BluRay_purchase_price` decimal(4,2) NOT NULL DEFAULT '0.00',
  `numBluRay` int(3) NOT NULL DEFAULT '0',
  `numBluRayOut` int(3) NOT NULL DEFAULT '0',
  PRIMARY KEY (`movie_id`),
  UNIQUE KEY `tagline` (`tagline`),
  UNIQUE KEY `plot` (`plot`)
) ENGINE=MyISAM  DEFAULT CHARSET=latin1 AUTO_INCREMENT=102 ;

--
-- Dumping data for table `movie`
--

INSERT INTO `movie` (`movie_id`, `title`, `tagline`, `plot`, `thumbpath`, `director_id`, `studio_id`, `genre_id`, `classification`, `rental_period`, `year`, `DVD_rental_price`, `DVD_purchase_price`, `numDVD`, `numDVDout`, `BluRay_rental_price`, `BluRay_purchase_price`, `numBluRay`, `numBluRayOut`) VALUES
(1, 'Twilight', 'When you can live forever what do you live for? ', 'A teenage girl risks everything when she falls in love with a vampire. ', '1250744226twilight.jpg', 1, 1, 2, 'PG', '3 Day', 2008, '5.00', '15.00', 20, 0, '6.00', '25.00', 10, 0),
(2, 'Taken', 'The time for revenge has come.', 'A former spy relies on his old skills to save his estranged daughter, who has been forced into the slave trade. ', '1250744743taken.jpg', 2, 2, 2, 'PG', '3 Day', 2009, '4.00', '35.00', 20, 0, '5.00', '45.00', 10, 0),
(3, 'The Dark Knight', 'Why So Serious?', 'Batman, Gordon and Harvey Dent are forced to deal with the chaos unleashed by an anarchist mastermind known only as the Joker, as it drives each of them to their limits. ', '1250745147DarkKnight.jpg', 3, 3, 2, 'PG', 'Weekly', 2008, '3.00', '35.00', 20, 0, '4.00', '45.00', 5, 5),
(4, 'Star Trek', 'The future begins.', 'A chronicle of the early days of James T. Kirk and his fellow USS Enterprise crew members.', '1250745660StarTrek.jpg', 4, 4, 4, 'PG', '3 Day', 2009, '5.00', '25.00', 20, 0, '6.00', '35.00', 5, 0),
(5, 'Star Wars Episode 1 - The Phantom Menace', 'Every generation has a legend.', 'The evil Trade Federation, led by Nute Gunray is planning to take over the peaceful world of Naboo....', '1250746050StarWars1.jpg', 5, 5, 4, 'PG', 'Weekly', 1979, '2.00', '25.99', 20, 0, '3.00', '35.99', 5, 0),
(6, 'Star Wars Episode 5 - The Empire Strikes Back ', 'The Adventure Continues... ', 'While Luke takes advanced Jedi training from Yoda, his friends are relentlessly pursued by Darth Vader as part of his plan to capture Luke.', '1250746474StarWars5.jpg', 6, 5, 4, 'PG', 'Weekly', 1980, '2.00', '25.00', 20, 0, '3.00', '35.00', 5, 0),
(7, 'Star Wars Episode 6 - Return of the Jedi ', 'Coming May 25,  to your galaxy. ', 'After rescuing Han Solo from the palace of Jabba the Hutt, the Rebels attempt to destroy the Second Death Star, while Luke Skywalker tries to bring his father back to the Light Side of the Force.', '1250746747StarWars6.jpg', 7, 5, 4, 'PG', 'Weekly', 1983, '3.00', '19.00', 20, 0, '4.00', '30.00', 5, 0),
(8, 'Lawrence Of Arabia', 'The Desert Classic. (1983 Video Release) ', 'Epic rumination on a flamboyant and controversial British military figure and his conflicted loyalties during wartime service.', '1250747273Arabia.jpg', 8, 6, 5, 'G', 'Weekly', 1962, '2.00', '25.00', 20, 0, '3.00', '35.00', 5, 0),
(9, 'Schindler''s List ', 'Whoever saves one life, saves the world entire.', 'Oskar Schindler uses Jews to start a factory in Poland during the war. He witnesses the horrors endured by the Jews, and starts to save them.', '1250747583Schindler.jpg', 9, 7, 5, 'M', 'Weekly', 1993, '2.00', '25.59', 20, 0, '3.00', '35.59', 5, 0),
(10, 'Braveheart', 'The courage to face fear.', 'William Wallace, a commoner, unites the 13th Century Scots in their battle to overthrow English rule.', '1250748066Braveheart.jpg', 10, 8, 6, 'PG', 'Weekly', 1995, '2.00', '25.00', 20, 0, '3.00', '35.00', 5, 0),
(11, 'Ghandi', 'His Triumph Changed The World Forever. ', 'Biography of Mahatma Gandhi, the lawyer who became the famed leader of the Indian revolts against the British through his philosophy of non-violent protest.', '1250748433Ghandi.jpg', 11, 28, 6, 'PG', 'Weekly', 1982, '2.00', '22.00', 20, 0, '3.00', '32.00', 5, 0),
(12, 'Lord of the Rings: The Fellowship of the Ring', 'The Legend Comes to Life.', 'In a small village in the Shire a young Hobbit named Frodo has been entrusted with an ancient Ring. Now he must embark on an Epic quest to the Cracks of Doom in order to destroy it.', '1250749479LOTR1.jpg', 12, 10, 3, 'PG', 'Weekly', 2001, '2.00', '26.00', 20, 0, '3.00', '30.00', 5, 0),
(13, 'Lord of the Rings: The Two Towers', 'A New Power Is Rising', 'Frodo and Sam continue on to Mordor in their mission to destroy the One Ring. Whilst their former companions make new allies and launch an assault on Isengard.', '1250749844LOTR2.jpg', 12, 10, 3, 'PG', 'Weekly', 2002, '2.00', '22.00', 20, 0, '3.00', '40.00', 5, 0),
(14, 'Lord of the Rings: The Return of the King', 'This Christmas the journey ends.', 'The former Fellowship of the Ring prepare for the final battle for Middle Earth, while Frodo & Sam approach Mount Doom to destroy the One Ring.', '1250749991LOTR3.jpg', 12, 10, 3, 'PG', 'Weekly', 2003, '2.00', '24.00', 20, 0, '3.00', '32.00', 5, 0),
(15, 'Harry Potter and the Sorcerer''s Stone ', 'Let The Magic Begin. ', 'Rescued from the outrageous neglect of his aunt and uncle, a young boy with a great destiny proves his worth while attending Hogwarts School of Witchcraft and Wizardry.', '1250750966HarryPotter1.jpg', 13, 3, 10, 'PG', 'Weekly', 2001, '2.00', '25.00', 20, 0, '3.00', '35.00', 5, 0),
(16, 'Harry Potter and the Chamber of Secrets', 'Dobby Has Come To Warn You Sir.', 'Harry ignores warnings not to return to Hogwarts, only to find the school plagued by a series of mysterious attacks and a strange voice haunting him.', '1250751416HarryPotter2.jpg', 13, 3, 10, 'PG', 'Weekly', 2002, '2.00', '25.00', 20, 0, '3.00', '35.00', 5, 0),
(17, 'Harry Potter and the Prisoner of Azkaban ', 'Something wicked this way comes. ', 'It''s Harry''s third year at Hogwarts; not only does he have a new \\"Defense Against the Dark Arts\\" teacher, but there is also trouble brewing.', '1250752526HarryPotter3.jpg', 17, 3, 10, 'PG', 'Weekly', 2004, '2.00', '25.00', 20, 0, '3.00', '35.00', 5, 0),
(18, 'Harry Potter and the Goblet of Fire ', 'Difficult times lie ahead, Harry.', 'Harry finds himself selected as an underaged competitor in a dangerous multi-wizardary school competition.', '1250752843HarryPotter4.jpg', 15, 3, 10, 'PG', 'Weekly', 2005, '2.00', '25.00', 20, 0, '3.00', '35.00', 5, 0),
(19, 'Harry Potter and the Order of the Phoenix ', 'Evil Must Be Confronted. ', 'With their warning about Lord Voldemort''s return scoffed at, Harry and Dumbledore are targeted by the Wizard authorities as an authoritarian bureaucrat slowly seizes power at Hogwarts.', '1250753055HarryPotter5.jpg', 16, 3, 10, 'PG', 'Weekly', 2007, '2.00', '27.00', 20, 0, '3.00', '38.00', 5, 0),
(20, 'Harry Potter and the Half-Blood Prince', 'Once again I must ask too much of you, Harry.', 'As Harry Potter begins his 6th year at Hogwarts School of Witchcraft and Wizardry, he discovers an old book marked mysteriously \\"This book is the property of the Half-Blood Prince\\" and begins to learn more about Lord Voldemort''s dark past.', '1250753361HarryPotter6.jpg', 8, 3, 10, 'PG', '3 Day', 2009, '6.00', '30.99', 20, 0, '6.00', '40.00', 5, 0),
(21, 'Inglourious Basterds', 'Tarantino''s finished three films since.', 'An American-led killing squad known as \\"The Basterds\\" terrorize the Nazis in German-occupied France during World War II.', '1250754464Inglorious.jpg', 17, 11, 3, 'MA', '3 Day', 2009, '5.00', '25.00', 20, 0, '6.00', '35.00', 5, 0),
(22, 'Post Grad', 'Beg for some soulless corporate job.', 'When recent college graduate Ryden Malby (Bledel) discovers she can''t land a good job because of the working world''s harsh climate, she moves back in with her oddball family in order to reconsider her options.', '1250754761PostGrad.jpg', 18, 12, 7, 'PG', '3 Day', 2009, '6.00', '29.99', 20, 0, '7.00', '42.99', 5, 0),
(25, 'Five Minutes of Heaven', 'Political thriller.', 'As a youth, Alistair Little (Neeson) was a member of the Ulster Volunteer Force, a paramilitary group in Northern Ireland. After serving a thirty year sentence for the murder of a young Catholic man, Little prepares for his televised meeting with his victi', '1250755898FiveMinutes.jpg', 21, 15, 2, 'MA', '3 Day', 2009, '5.00', '25.00', 20, 0, '6.00', '35.00', 5, 0),
(26, 'Art & Copy', 'Definitely one for the Objectified set.', 'A documentary on some of the mavericks of modern American advertising.', '1250756305ArtCopy.jpg', 22, 16, 8, 'M', '3 Day', 2009, '5.00', '25.00', 20, 0, '6.00', '35.00', 5, 0),
(27, 'X Games 3D: The Movie', 'It''s the Warped Tour of sports.', 'An X Games documentary featuring behind-the-scenes stories of the athletes and the sacrifices they make in pursuit of glory and the advancement of their sports on the biggest stage in action sports.', '1250756652XGames.jpg', 23, 24, 8, 'MA', '3 Day', 2009, '5.00', '25.00', 20, 0, '6.00', '35.00', 5, 0),
(29, '102 Dalmatians', 'A Spotless New Tail Is To Be Unleashed.', 'Cruella DeVil gets out of prison and goes after them darned puppies once more.', '1250760845102Dalmations.jpg', 25, 18, 11, 'G', 'Weekly', 2000, '2.00', '17.95', 5, 2, '3.00', '25.50', 3, 1),
(30, 'A Bug''s Life', 'An epic of miniature proportions.', 'A misfit ant, looking for warriors to save his colony from grasshoppers, recruits a group of bugs that turn out to be an inept circus troup.', '1250761187BugsLife.jpg', 26, 19, 1, 'G', 'Weekly', 1998, '2.00', '25.00', 5, 0, '3.00', '35.00', 5, 0),
(31, 'Hannah Montana: The Movie', 'She has the best of both worlds... ', 'As Hannah Montana''s popularity begins to take over her life, Miley Stewart, on the urging from her father takes a trip to her hometown of Crowley Corners, Tennessee to get some perspective on what matters in life the most.', '1250761473HannahMontana1.jpg', 27, 20, 11, 'G', '3 Day', 2009, '5.00', '25.59', 20, 0, '6.00', '35.59', 5, 0),
(91, 'Scott Pilgrim vs. the World', 'An epic of epic epicness.', 'Scott Pilgrim must defeat his new girlfriend''s seven evil exes in order to win her heart.', '1435645075Pilgram.jpg', 66, 7, 12, 'M', '3 Day', 2010, '5.00', '24.50', 10, 3, '6.00', '29.95', 5, 1),
(94, 'Aliens', 'This time there''s more.', 'The planet from Alien (1979) has been colonized, but contact is lost. This time, the rescue team has impressive firepower, but will it be enough?', '1435649273Aliens.jpg', 63, 37, 4, 'M', '3 Day', 1984, '3.00', '24.00', 5, 2, '4.00', '29.50', 5, 1),
(33, 'Around the World in Eighty Days ', 'See everything in the World worth seeing!', 'Adaptation of Jules Verne''s novel about a Victorian Englishman who bets that with the new steamships and railways he can do what the title says.', '125076250280Days.jpg', 29, 22, 11, 'G', 'Weekly', 1958, '2.00', '25.00', 20, 0, '3.00', '35.00', 5, 0),
(34, 'Bee Movie', 'Hold on to your honey.', 'Barry B. Benson, a bee who has just graduated from college, is disillusioned at his lone career choice: making honey. On a special trip outside the hive, Barry''s life is saved by Vanessa, a florist in New York City. As their relationship blossoms, he disc', '1250762906BeeMovie.jpg', 30, 23, 1, 'G', '3 Day', 2008, '5.00', '22.00', 20, 0, '6.00', '33.00', 5, 0),
(35, 'Cars', 'Ahhh... it''s got that new movie smell.', 'A hot-shot race-car named Lightning McQueen gets waylaid in Radiator Springs, where he finds the true meaning of friendship and family', '1250763205cars.jpg', 26, 24, 1, 'G', 'Weekly', 2006, '2.00', '25.00', 20, 0, '3.00', '35.00', 5, 0),
(36, 'Cinderella', 'The greatest love story ever told. ', 'When Cinderella''s cruel stepmother prevents her from attending the Royal Ball, she gets some unexpected help from the lovable mice Gus and Jaq, and from her Fairy Godmother', '1250763441Cinderella.jpg', 31, 24, 1, 'G', 'Weekly', 1950, '2.00', '25.00', 20, 0, '3.00', '35.00', 5, 0),
(37, 'Herbie Fully Loaded', 'Start your engines... ', 'Maggie Peyton (Lohan), the new owner of Number 53 - the free-wheelin'' Volkswagen bug with a mind of its own - puts the car through its paces on the road to becoming a NASCAR competitor. ', '1250763703Herbie1.jpg', 32, 24, 11, 'G', 'Weekly', 2005, '2.00', '25.00', 20, 0, '3.00', '35.00', 5, 0),
(38, 'Herbie Goes Bananas ', 'Ole! It''s south of the border disorder when.... ', 'The adorable little VW helps its owners break up a counterfeiting ring in Mexico.', '1250763960Herbie2.jpg', 33, 24, 11, 'G', 'Weekly', 1980, '2.00', '25.00', 20, 0, '3.00', '35.00', 5, 0),
(39, 'Herbie Goes to Monte Carlo', 'The Love Bug falls ''hood-over-wheels'' .', 'Herbie, the Volkswagen Beetle with a mind of its own, is racing in the Monte Carlo Rally. Unbeknownst to Herbie''s driver... ', '1250764214Herbie3.jpg', 33, 24, 11, 'G', 'Weekly', 1977, '2.00', '25.00', 20, 0, '3.00', '35.00', 5, 0),
(40, 'Herbie Rides Again ', 'A little SQUIRT makes a big SPLASH! ', 'The living Volkswagen Beetle helps a old lady protect her home from a corrupt developer.', '1250764450Herbie4.jpg', 34, 24, 11, 'G', 'Weekly', 1974, '2.00', '25.00', 20, 0, '3.00', '35.00', 5, 0),
(41, 'Homeward Bound: The Incredible Journey ', 'An Incredible Journey.', 'Remake of the popular Disney classic, this time featuring some well known voices as two dogs and a cat...', '1250764809Homeward.jpg', 35, 25, 11, 'G', 'Weekly', 1993, '2.00', '25.00', 20, 0, '3.00', '35.00', 5, 0),
(42, 'Ice Age: The Meltdown', 'Kiss Your Ice Goodbye', 'Diego, Manny and Sid return in this sequel to the hit Ice Age. This time around the Ice Age is over and is starting to melt, which will destroy their valley. So they must unite and warn everyone about the situation.', '1250765296IceAge.jpg', 36, 26, 11, 'G', '3 Day', 2006, '5.00', '25.00', 20, 0, '6.00', '35.00', 5, 0),
(43, 'Monsters, Inc. ', 'Monsters, Inc. : We Scare Because We Care ', 'Monsters generate their city''s power by scaring children, but they are terribly afraid themselves of being contaminated by children, so when one enters Monstropolis, top scarer Sulley finds his world disrupted. ', '1250765638Monsters.jpg', 37, 19, 1, 'G', 'Weekly', 2001, '2.00', '25.00', 20, 0, '3.00', '35.00', 5, 0),
(46, 'Shrek the Third ', 'Who''s ready for Thirds? ', 'When his new father-in-law, King Harold falls ill, Shrek is looked at as the heir to the land of Far, Far Away. Not one to give up his beloved swamp, Shrek recruits his friends Donkey and Puss in Boots to install the rebellious Artie as the new king. Princ', '1250766505Shrek3.jpg', 39, 23, 11, 'G', '3 Day', 2007, '5.00', '25.00', 20, 0, '6.00', '35.00', 5, 0),
(47, 'Sleeping Beauty', 'Now the magic moment! ', 'A snubbed malevolent fairy casts a curse on a princess that only a prince can break, with the help of three good fairies.', '1250766825SleepingBeauty.jpg', 31, 24, 1, 'G', 'Weekly', 1959, '2.00', '25.00', 20, 0, '3.00', '35.00', 5, 0),
(48, 'Snow White and the Seven Dwarfs ', 'Walt Disney''s New characters.', 'Snow White, pursued by a jealous queen, hides with the Dwarfs; the queen feeds her a poison apple, but Prince Charming awakens her with a kiss', '1250767139SnowWhite.jpg', 40, 24, 1, 'G', 'Weekly', 1937, '2.00', '25.00', 20, 0, '3.00', '35.00', 5, 0),
(49, 'District 9', 'Mini pop culture phenomenon.', 'In Johannesburg, South Africa, a government operative (Copley) becomes sympathetic to the extraterrestrial race living in slum-like conditions within the city''s borders when he is exposed to their biotechnology.', '1250767558District9.jpg', 41, 27, 4, 'MA', '3 Day', 2009, '5.00', '25.00', 20, 0, '6.00', '35.00', 5, 0),
(50, 'The Time Traveler''s Wife', 'Romance and drama.', 'A romantic drama about a Chicago librarian (Bana) with a gene that causes him to involuntarily time travel, and the complications it creates in his marriage.', '1250768568TimeTraveller.jpg', 42, 10, 5, 'MA', '3 Day', 2009, '5.00', '25.00', 20, 0, '6.00', '35.00', 5, 0),
(51, 'Julie & Julia', 'Inherent complexities adapting the novel.', 'Frustrated secretary Julie Powell (Adams) tries to shake up her life by chronicling her attempt to cook all 524 recipes in Julia Child''s Mastering the Art of French Cooking in a year''s time.', '1250768930Julia.jpg', 43, 28, 5, 'MA', '3 Day', 2009, '5.00', '25.00', 20, 0, '6.00', '35.00', 5, 0),
(52, 'G-Force', 'Guinea pigs are this year''s chihuahua.', 'A specially trained squad of guinea pigs is dispatched to stop a diabolical billionaire from taking over the world.', '1250769174gForce.jpg', 44, 24, 11, 'G', '3 Day', 2009, '5.00', '25.00', 20, 0, '6.00', '35.00', 5, 0),
(53, 'The Goods: Live Hard, Sell Hard', 'Budget e-comedy.', 'Used-car liquidator Don Ready (Piven) is hired by a flailing auto dealership to turn their Fourth of July sale into a majorly profitable event.', '1250769743Goods.jpg', 45, 29, 7, 'MA', '3 Day', 2009, '5.00', '25.00', 20, 0, '6.00', '35.00', 5, 0),
(54, 'The Ugly Truth', 'Super-formulaic romance.', 'A macho morning TV show correspondent (Butler) makes a bet with his love-challenged producer (Heigl): If his tips on how to land and keep a guy don''t work, he''ll quit the business. But while he coaches her through a fledgling romance, can he avoid fallin', '1250770060UglyTruth.jpg', 46, 28, 7, 'M', '3 Day', 2009, '5.00', '25.00', 20, 0, '6.00', '35.00', 5, 0),
(55, 'Ponyo', 'The cult of Hayao Miyazaki.', 'An animated adventure centered on a 5-year-old boy and his relationship with a goldfish princess who longs to become human.', '1250770239Ponyo.jpg', 47, 24, 1, 'G', '3 Day', 2009, '5.00', '25.00', 20, 0, '6.00', '35.00', 5, 0),
(56, 'Funny People', 'Adam Sandler looks to rule.', 'When seasoned comedian George Simmons (Sandler) learns of his terminal, inoperable health condition, his desire to form a genuine friendship inspires him to take a relatively green performer (Rogen) under his wing as his opening act.', '1250770530FunnyPeople.jpg', 48, 7, 7, 'M', '3 Day', 2009, '5.00', '25.00', 20, 0, '6.00', '35.00', 5, 0),
(57, 'G.I. Joe: The Rise of Cobra', 'It looks like cheesy CGI.', 'An elite military unit comprised of operatives known as the Global Integrated Joint Operating Entity look to dismantle Cobra, an organization headed by a Scottish arms dealer.', '1250849308GIJoe.jpg', 49, 4, 3, 'MA', '3 Day', 2009, '7.00', '39.95', 20, 5, '8.00', '49.95', 10, 3),
(58, '101 Dalmations', 'Walt Disney''s original cartoon feature ', 'When a litter of dalmatian puppies are abducted by the minions of Cruella De Vil, the parents must find them before she uses them for a diabolical fashion statement. ', '1251113034101Dalmations.jpg', 31, 24, 11, 'G', 'Weekly', 1961, '2.00', '17.95', 3, 1, '3.00', '24.95', 2, 0),
(60, 'Harry Potter and the Deathly Hallows: Part 1 ', 'The Hunt Begins', 'Voldemort''s power is growing stronger. He now has control over the Ministry of Magic and Hogwarts. Harry, Ron, and Hermione decide to finish Dumbledore''s work and find the rest of the Horcruxes to defeat the Dark Lord. But little hope remains for the Trio.', '1339514782Deathly_Hollows1.jpg', 16, 3, 10, 'PG', '3 Day', 2010, '4.00', '27.00', 8, 2, '6.00', '35.00', 3, 3),
(61, 'Harry Potter and the Deathly Hallows: Part 2 ', 'It All Ends', 'The final chapter begins as Harry, Ron, and Hermione continue their quest of finding and destroying the Dark Lord''s three remaining Horcruxes, the magical items responsible for his immortality. Then the final battle occurs.', '1339515639Deathly_Hollows2.jpg', 16, 3, 10, 'PG', '3 Day', 2011, '5.00', '28.00', 10, 3, '6.00', '30.00', 4, 4),
(63, 'Contraband ', 'What would you hide to protect your family? ', 'To protect his brother-in-law from a drug lord, a former smuggler heads to Panama to score millions of dollars in counterfeit bills.', '1339830491Contraband.jpg', 51, 7, 3, 'R', '3 Day', 2012, '5.00', '21.00', 6, 1, '6.00', '30.00', 5, 1),
(64, 'Chronicle', 'Not all heroes are super.', 'Whilst attending a party, three high school friends gain superpowers after making an incredible discovery underground. Soon, though, they find their lives spinning out of control and their bond tested as they embrace their darker sides. ', '1339831655Chronicle.jpg', 52, 31, 10, 'R', '3 Day', 2012, '5.00', '22.95', 10, 3, '6.00', '29.95', 5, 5),
(65, 'Underworld: Awakening', 'Vengeance Returns ', 'When human forces discover the existence of the Vampire and Lycan clans, a war to eradicate both species commences. The vampire warrioress Selene leads the battle against humankind.', '1339832306Underworld.jpg', 53, 32, 9, 'R', '3 Day', 2012, '5.00', '21.00', 9, 3, '6.00', '31.00', 4, 2),
(66, 'Safe House', 'No One Is Safe ', 'A young CIA agent is tasked with looking after a fugitive in a safe house. But when the safe house is attacked, he finds himself on the run with his charge. ', '1339833003Safe_House.jpg', 54, 7, 3, 'R', '3 Day', 2012, '5.00', '19.00', 6, 2, '6.00', '25.00', 5, 1),
(68, 'The Girl with the Dragon Tattoo', 'Evil shall with evil be expelled', 'Journalist Mikael Blomkvist is aided in his search for a woman who has been missing for forty years by Lisbeth Salander, a young computer hacker.', '1339834581Dragon_Tattoo.jpg', 56, 34, 5, 'R', '3 Day', 2011, '5.00', '28.00', 10, 1, '6.00', '35.00', 6, 1),
(69, 'Captain America: The first Avenger', 'The first Avenger', 'After being deemed unfit for military service, Steve Rogers volunteers for a top secret research project that turns him into Captain America, a superhero dedicated to defending the USA''s ideals.', '1339835056Cap_America.jpg', 57, 4, 3, 'PG', '3 Day', 2011, '5.00', '25.00', 34, 6, '6.00', '35.00', 10, 6),
(95, 'Moon', 'The last place you''d ever expect to find yourself', 'Astronaut Sam Bell has a quintessentially personal encounter toward the end of his three-year stint on the Moon, where he, working alongside his computer, GERTY, sends back to Earth parcels of a resource that has helped diminish our planet''s power problems', '1435650754moon.jpg', 58, 35, 4, 'M', '3 Day', 2009, '5.00', '22.95', 5, 1, '6.00', '32.00', 3, 1),
(71, 'Guardians of the Galaxy', 'All heroes start somewhere. ', 'A group of intergalactic criminals are forced to work together to stop a fanatical warrior from taking control of the universe.', '1420787270guardians.jpg', 59, 36, 4, 'M', 'Overnight', 2014, '5.00', '20.00', 23, 12, '7.00', '28.00', 45, 23),
(72, 'Starship Troopers', 'There are only two rules... EVERYONE FIGHTS. NO ONE QUITS.', 'In the distant future high school kids are encouraged to become citizens by joining the military. What they don''t know is that they''ll soon be engaged in a full scale war against a planet of alien insects. The fight is on to ensure the safety of humanity. ', '1420787411troopers.jpg', 60, 27, 4, 'MA', 'Weekly', 1997, '5.00', '15.00', 45, 23, '6.00', '17.00', 34, 12),
(98, 'The Hunger Games: Mockingjay - Part 1', 'Fire burns brighter in the darkness', 'Katniss Everdeen is in District 13 after she shatters the games forever. Under the leadership of President Coin and the advice of her trusted friends, Katniss spreads her wings as she fights to save Peeta and a nation moved by her courage.', '1436253326mockingjay1.jpg', 70, 41, 4, 'M', 'Overnight', 2014, '5.00', '24.95', 15, 5, '6.00', '32.95', 10, 10),
(100, 'The Equalizer', 'What do you see when you look at me? ', 'A man believes he has put his mysterious past behind him and has dedicated himself to beginning a new, quiet life. But when he meets a young girl under the control of ultra-violent Russian gangsters, he can''t stand idly by - he has to help her.', '1436255761Equalizer.jpg', 72, 9, 2, 'MA', 'Overnight', 2014, '5.00', '20.95', 10, 2, '6.00', '25.95', 5, 5),
(92, 'Raiders of the Lost Ark', 'The Return of the Great Adventure.', 'Archaeologist and adventurer Indiana Jones is hired by the US government to find the Ark of the Covenant before the Nazis.', '1435645732Raiders.jpg', 9, 4, 10, 'PG', 'Weekly', 1981, '2.00', '15.95', 10, 2, '3.00', '24.00', 5, 1),
(77, 'Edge of Tomorrow', 'Live, Die, Repeat ', 'A military officer is brought into an alien war against an extraterrestrial enemy who can reset the day and know the future. When this officer is enabled with the same power, he teams up with a Special Forces warrior to try and end the war.', '125075252edgeoftomorrow.jpg', 62, 3, 3, 'M', 'Overnight', 2014, '5.00', '20.00', 21, 10, '7.00', '26.00', 34, 23),
(79, 'The Crow ', 'In a world without justice, one man was chosen to protect the innocent. ', 'A man brutally murdered comes back to life as an undead avenger of his and his fiancée''s murder.', '1435650757crow.jpg', 64, 38, 3, 'MA', 'Weekly', 1994, '5.00', '20.00', 34, 3, '6.00', '17.00', 45, 23),
(80, 'Captain America: The Winter Soldier', 'In heroes we trust. ', 'As Steve Rogers struggles to embrace his role in the modern world, he teams up with another super soldier, the black widow, to battle a new threat from old history: an assassin known as the Winter Soldier.', '1250744227winter.jpg', 65, 36, 10, 'M', 'Overnight', 2014, '5.00', '24.95', 10, 10, '6.00', '35.95', 5, 5),
(99, 'Jupiter Ascending', 'Expand your universe.', 'A young woman discovers her destiny as an heiress of intergalactic nobility and must fight to protect the inhabitants of Earth from an ancient and destructive industry.', '1436253928jupiter.jpg', 71, 3, 4, 'M', 'Overnight', 2015, '5.00', '32.95', 22, 11, '6.00', '39.95', 11, 11),
(96, 'The Avengers', 'Earth''s mightiest heroes must come together', 'Nick Fury is director of S.H.I.E.L.D. The agency is a who''s who of Marvel Super Heroes, with Iron Man, The Incredible Hulk, Thor, Captain America, Hawkeye and Black Widow. When global security is threatened by Loki, Nick Fury and the team save the world.', '1436181707avengers.jpg', 68, 36, 10, 'MA', 'Overnight', 2012, '5.00', '29.95', 15, 2, '6.00', '39.95', 10, 2),
(97, 'X-Men: Days of Future Past', ' Every hero, every power will unite.', 'The X-Men send Wolverine to the past in a desperate effort to change history and prevent an event that results in doom for both humans and mutants.', '1436252660XmenDoFP.jpg', 69, 37, 3, 'M', 'Overnight', 2014, '5.00', '26.95', 15, 7, '6.00', '34.95', 10, 10),
(101, 'Furious Seven', 'One last ride.', 'Deckard Shaw seeks revenge against Dominic Toretto and his family for his comatose brother.', '1436457000FF7.jpg', 73, 7, 2, 'PG', 'Overnight', 2015, '5.00', '22.95', 11, 1, '6.00', '29.95', 7, 1);

-- --------------------------------------------------------

--
-- Table structure for table `movie_actor`
--

CREATE TABLE IF NOT EXISTS `movie_actor` (
  `movie_id` int(10) NOT NULL,
  `actor_id` int(10) NOT NULL,
  `role` varchar(10) NOT NULL,
  PRIMARY KEY (`movie_id`,`actor_id`)
) ENGINE=InnoDB DEFAULT CHARSET=utf8;

--
-- Dumping data for table `movie_actor`
--

INSERT INTO `movie_actor` (`movie_id`, `actor_id`, `role`) VALUES
(1, 1, 'star1'),
(1, 2, 'star2'),
(1, 3, 'star3'),
(1, 4, 'costar1'),
(1, 5, 'costar2'),
(1, 6, 'costar3'),
(2, 7, 'star1'),
(2, 8, 'star2'),
(2, 9, 'star3'),
(2, 10, 'costar1'),
(2, 11, 'costar2'),
(2, 12, 'costar3'),
(3, 13, 'star1'),
(3, 14, 'star2'),
(3, 15, 'star3'),
(3, 16, 'costar1'),
(3, 17, 'costar2'),
(3, 18, 'costar3'),
(4, 19, 'star1'),
(4, 20, 'star2'),
(4, 21, 'star3'),
(4, 22, 'costar1'),
(4, 23, 'costar2'),
(4, 24, 'costar3'),
(5, 7, 'star1'),
(5, 25, 'star2'),
(5, 26, 'star3'),
(5, 27, 'costar1'),
(5, 28, 'costar2'),
(5, 29, 'costar3'),
(6, 30, 'star1'),
(6, 31, 'star2'),
(6, 32, 'star3'),
(6, 33, 'costar1'),
(6, 34, 'costar2'),
(6, 35, 'costar3'),
(7, 30, 'star1'),
(7, 31, 'star2'),
(7, 32, 'star3'),
(7, 33, 'costar1'),
(7, 34, 'costar2'),
(7, 36, 'costar3'),
(8, 37, 'star1'),
(8, 38, 'star2'),
(8, 39, 'star3'),
(8, 40, 'costar1'),
(8, 41, 'costar2'),
(8, 42, 'costar3'),
(9, 7, 'star1'),
(9, 43, 'star2'),
(9, 44, 'star3'),
(9, 45, 'costar1'),
(9, 46, 'costar2'),
(9, 47, 'costar3'),
(10, 48, 'star1'),
(10, 49, 'star2'),
(10, 50, 'star3'),
(10, 51, 'costar1'),
(10, 52, 'costar2'),
(10, 53, 'costar3'),
(11, 43, 'star1'),
(11, 54, 'star2'),
(11, 55, 'star3'),
(11, 56, 'costar1'),
(11, 57, 'costar2'),
(11, 58, 'costar3'),
(12, 61, 'star2'),
(12, 64, 'costar1'),
(12, 65, 'star1'),
(12, 66, 'star3'),
(12, 67, 'costar3'),
(12, 68, 'costar2'),
(13, 61, 'star2'),
(13, 64, 'costar1'),
(13, 65, 'star1'),
(13, 66, 'star3'),
(13, 67, 'costar3'),
(13, 68, 'costar2'),
(14, 61, 'star2'),
(14, 64, 'costar1'),
(14, 65, 'star1'),
(14, 66, 'star3'),
(14, 67, 'costar3'),
(14, 68, 'costar2'),
(15, 16, 'costar3'),
(15, 69, 'star1'),
(15, 70, 'star2'),
(15, 71, 'star3'),
(15, 72, 'costar1'),
(15, 73, 'costar2'),
(16, 69, 'star1'),
(16, 70, 'star2'),
(16, 71, 'star3'),
(16, 72, 'costar1'),
(16, 73, 'costar2'),
(16, 74, 'costar3'),
(17, 69, 'star1'),
(17, 70, 'star2'),
(17, 71, 'star3'),
(17, 72, 'costar1'),
(17, 73, 'costar2'),
(17, 74, 'costar3'),
(18, 69, 'star1'),
(18, 70, 'star2'),
(18, 71, 'star3'),
(18, 72, 'costar1'),
(18, 73, 'costar2'),
(18, 74, 'costar3'),
(19, 69, 'star1'),
(19, 70, 'star2'),
(19, 71, 'star3'),
(19, 72, 'costar1'),
(19, 73, 'costar2'),
(19, 74, 'costar3'),
(20, 69, 'star1'),
(20, 70, 'star2'),
(20, 71, 'star3'),
(20, 72, 'costar1'),
(20, 73, 'costar2'),
(20, 74, 'costar3'),
(21, 75, 'star1'),
(21, 76, 'star2'),
(21, 77, 'star3'),
(22, 78, 'star1'),
(22, 79, 'star2'),
(22, 80, 'star3'),
(25, 7, 'star1'),
(25, 87, 'star2'),
(25, 88, 'star3'),
(26, 89, 'star1'),
(26, 90, 'star2'),
(26, 91, 'star3'),
(27, 92, 'star1'),
(27, 93, 'star2'),
(27, 94, 'star3'),
(29, 95, 'star1'),
(29, 101, 'star2'),
(29, 102, 'star3'),
(29, 103, 'costar1'),
(29, 104, 'costar2'),
(29, 105, 'costar3'),
(30, 106, 'star1'),
(30, 107, 'star2'),
(30, 108, 'star3'),
(31, 109, 'star1'),
(31, 110, 'star2'),
(31, 111, 'star3'),
(33, 56, 'star2'),
(33, 112, 'star1'),
(33, 113, 'star3'),
(34, 81, 'star2'),
(34, 114, 'star1'),
(34, 115, 'star3'),
(34, 116, 'costar1'),
(34, 117, 'costar2'),
(34, 118, 'costar3'),
(35, 119, 'star1'),
(35, 120, 'star2'),
(35, 121, 'costar1'),
(35, 122, 'costar2'),
(36, 123, 'star1'),
(36, 124, 'star2'),
(36, 125, 'star3'),
(37, 79, 'star2'),
(37, 126, 'star1'),
(37, 127, 'star3'),
(38, 128, 'star1'),
(38, 129, 'star2'),
(38, 130, 'costar1'),
(39, 131, 'star1'),
(39, 132, 'star2'),
(39, 133, 'costar1'),
(39, 134, 'costar2'),
(40, 135, 'star1'),
(40, 136, 'star2'),
(40, 137, 'costar1'),
(40, 138, 'costar2'),
(41, 139, 'star3'),
(41, 140, 'star2'),
(41, 141, 'star1'),
(42, 142, 'star1'),
(42, 143, 'star2'),
(42, 144, 'star3'),
(42, 145, 'costar1'),
(42, 146, 'costar2'),
(42, 147, 'costar3'),
(43, 117, 'star1'),
(43, 148, 'star2'),
(43, 149, 'star3'),
(43, 150, 'costar1'),
(43, 151, 'costar2'),
(43, 152, 'costar3'),
(46, 153, 'star1'),
(46, 154, 'star2'),
(46, 155, 'star3'),
(46, 159, 'costar2'),
(46, 160, 'costar1'),
(46, 161, 'costar3'),
(47, 124, 'star3'),
(47, 125, 'costar1'),
(47, 162, 'star1'),
(47, 163, 'star2'),
(47, 164, 'costar2'),
(47, 165, 'costar3'),
(48, 166, 'costar1'),
(48, 168, 'star1'),
(48, 169, 'costar2'),
(49, 170, 'star1'),
(49, 171, 'star2'),
(49, 172, 'star3'),
(50, 22, 'star1'),
(50, 173, 'star2'),
(50, 174, 'costar1'),
(51, 175, 'star1'),
(51, 176, 'star2'),
(51, 177, 'costar1'),
(52, 178, 'star1'),
(52, 179, 'star2'),
(52, 180, 'star3'),
(53, 181, 'star1'),
(53, 182, 'star2'),
(53, 183, 'star3'),
(54, 184, 'star1'),
(54, 185, 'star2'),
(55, 7, 'star3'),
(55, 64, 'star1'),
(55, 186, 'star2'),
(56, 187, 'star1'),
(56, 188, 'star2'),
(56, 189, 'star3'),
(57, 190, 'star1'),
(57, 191, 'star2'),
(57, 192, 'star3'),
(58, 113, 'costar3'),
(58, 194, 'star1'),
(58, 195, 'star2'),
(58, 196, 'star3'),
(58, 197, 'costar1'),
(58, 198, 'costar2'),
(60, 44, 'costar1'),
(60, 69, 'star1'),
(60, 70, 'star3'),
(60, 71, 'star2'),
(60, 73, 'costar3'),
(60, 74, 'costar2'),
(61, 18, 'costar2'),
(61, 69, 'star1'),
(61, 70, 'star2'),
(61, 71, 'star3'),
(61, 73, 'costar3'),
(61, 74, 'costar1'),
(63, 202, 'costar1'),
(63, 203, 'star1'),
(63, 204, 'star2'),
(63, 205, 'costar2'),
(64, 206, 'star1'),
(64, 207, 'star2'),
(64, 208, 'star3'),
(65, 204, 'star1'),
(65, 209, 'star2'),
(65, 210, 'star3'),
(65, 211, 'costar3'),
(65, 212, 'costar2'),
(65, 213, 'costar1'),
(66, 214, 'star3'),
(66, 215, 'costar1'),
(66, 216, 'costar2'),
(66, 217, 'star1'),
(66, 218, 'star2'),
(68, 225, 'star1'),
(68, 226, 'star3'),
(68, 227, 'star2'),
(68, 228, 'costar1'),
(68, 229, 'costar2'),
(69, 230, 'star1'),
(69, 231, 'star2'),
(69, 232, 'star3'),
(69, 233, 'costar1'),
(69, 234, 'costar2'),
(69, 235, 'costar3'),
(71, 240, 'star1'),
(71, 241, 'star2'),
(71, 242, 'star3'),
(71, 243, 'costar1'),
(71, 244, 'costar2'),
(71, 245, 'costar3'),
(72, 246, 'star1'),
(72, 247, 'star2'),
(72, 248, 'star3'),
(72, 249, 'costar1'),
(72, 250, 'costar2'),
(72, 251, 'costar3'),
(77, 268, 'star1'),
(77, 269, 'star2'),
(77, 270, 'star3'),
(77, 271, 'costar1'),
(77, 272, 'costar2'),
(77, 273, 'costar3'),
(79, 280, 'star1'),
(79, 281, 'star2'),
(79, 282, 'star3'),
(79, 283, 'costar1'),
(79, 284, 'costar2'),
(79, 285, 'costar3'),
(80, 230, 'star1'),
(80, 232, 'star2'),
(80, 286, 'star3'),
(80, 287, 'costar1'),
(80, 288, 'costar2'),
(80, 289, 'costar3'),
(91, 290, 'star1'),
(91, 291, 'star2'),
(91, 292, 'star3'),
(91, 293, 'costar1'),
(91, 294, 'costar2'),
(91, 295, 'costar3'),
(92, 31, 'star1'),
(92, 263, 'star2'),
(92, 265, 'star3'),
(92, 266, 'costar1'),
(92, 267, 'costar2'),
(94, 274, 'star1'),
(94, 275, 'star2'),
(94, 276, 'star3'),
(94, 277, 'costar1'),
(94, 278, 'costar2'),
(94, 279, 'costar3'),
(95, 107, 'star2'),
(95, 236, 'star1'),
(95, 237, 'star3'),
(95, 238, 'costar1'),
(95, 239, 'costar2'),
(96, 230, 'star3'),
(96, 232, 'star1'),
(96, 286, 'costar1'),
(96, 312, 'star2'),
(96, 313, 'costar2'),
(96, 314, 'costar3'),
(97, 66, 'costar3'),
(97, 315, 'star1'),
(97, 316, 'star2'),
(97, 317, 'star3'),
(97, 318, 'costar1'),
(97, 319, 'costar2'),
(98, 317, 'star1'),
(98, 320, 'star2'),
(98, 321, 'star3'),
(98, 322, 'costar1'),
(98, 323, 'costar2'),
(98, 324, 'costar3'),
(99, 63, 'star3'),
(99, 191, 'star1'),
(99, 325, 'star2'),
(100, 217, 'star1'),
(100, 326, 'star2'),
(100, 327, 'star3'),
(100, 328, 'costar1'),
(101, 243, 'star1'),
(101, 308, 'costar3'),
(101, 329, 'star2'),
(101, 330, 'star3'),
(101, 331, 'costar1'),
(101, 332, 'costar2');

-- --------------------------------------------------------

--
-- Table structure for table `studio`
--

CREATE TABLE IF NOT EXISTS `studio` (
  `studio_id` int(10) unsigned NOT NULL AUTO_INCREMENT,
  `studio_name` char(128) NOT NULL,
  PRIMARY KEY (`studio_id`),
  UNIQUE KEY `studio_name` (`studio_name`)
) ENGINE=MyISAM  DEFAULT CHARSET=latin1 AUTO_INCREMENT=42 ;

--
-- Dumping data for table `studio`
--

INSERT INTO `studio` (`studio_id`, `studio_name`) VALUES
(1, 'Summit Entertainment'),
(2, 'Europa Corp.'),
(3, 'Warner Bros. Pictures'),
(4, 'Paramount Pictures'),
(5, 'Lucasfilm'),
(6, 'Horizon Pictures'),
(7, 'Universal Pictures'),
(8, 'Icon Entertainment International'),
(9, 'Columbia Pictures Corporation'),
(10, 'New Line Cinema'),
(11, 'The Weinstein Company,'),
(12, 'Fox Searchlight Pictures'),
(13, 'Freestyle Releasing'),
(14, 'Maya Entertainment'),
(15, 'IFC Films'),
(16, 'Seventh Art Releasing'),
(28, 'Columbia Pictures'),
(18, 'Cruella Productions'),
(19, 'Pixar Animation Studios'),
(20, 'It''s a Laugh Productions'),
(22, 'Michael Todd Company'),
(23, 'DreamWorks Animation'),
(24, 'Walt Disney Pictures'),
(25, 'Touchwood Pacific Partners 1'),
(26, 'Blue Sky Studios'),
(27, 'TriStar Pictures'),
(29, 'Paramount Vantage'),
(30, 'Spyglass Entertainment'),
(31, 'Dune Entertainment'),
(32, 'Screen Gems'),
(33, 'Screen Australia'),
(34, 'MGM Studios'),
(35, 'Liberty Films UK'),
(36, 'Marvel Studios'),
(37, 'Twentieth Century Fox'),
(38, 'Crowvision Inc.'),
(39, 'Hemdale Film'),
(41, 'Color Force');

-- ----------------------------
-- Create the movie_detail_view
--

CREATE VIEW movie_detail_view AS 
		SELECT  movie.movie_id, title, tagline, plot, thumbpath,  
		GROUP_CONCAT(if(role = 'star1', actor_name, NULL)) AS 'star1', 
		GROUP_CONCAT(if(role = 'star2', actor_name, NULL)) AS 'star2', 
		GROUP_CONCAT(if(role = 'star3', actor_name, NULL)) AS 'star3',
		GROUP_CONCAT(if(role = 'costar1', actor_name, NULL)) AS 'costar1', 
		GROUP_CONCAT(if(role = 'costar2', actor_name, NULL)) AS 'costar2', 
		GROUP_CONCAT(if(role = 'costar3', actor_name, NULL)) AS 'costar3',
		director_name AS 'director', studio_name AS 'studio', genre_name AS genre,
      classification, rental_period, year, DVD_rental_price,
      DVD_purchase_price, numDVD, numDVDout, BluRay_rental_price,
      BluRay_purchase_price, numBluRay, numBluRayOut
		FROM movie, actor, movie_actor, director, studio, genre 
      WHERE movie.movie_id = movie_actor.movie_id 
      AND movie_actor.actor_id = actor.actor_id 
      AND movie.director_id = director.director_id 
      AND movie.studio_id = studio.studio_id 
      AND movie.genre_id = genre.genre_id 
      AND movie.director_id = director.director_id 
      AND movie.studio_id = studio.studio_id 
      AND movie.genre_id = genre.genre_id 
		GROUP BY title, movie_id; 
      
--
-- Create the movie_actor_view
--
CREATE VIEW movie_actor_view AS 
  SELECT actor_name, movie_id FROM movie_actor, actor 
  WHERE movie_actor.actor_id = actor.actor_ID ORDER BY actor_name;
